<?xml version="1.0" encoding="UTF-8"?>
<project-private xmlns="http://www.netbeans.org/ns/project-private/1">
    <editor-bookmarks xmlns="http://www.netbeans.org/ns/editor-bookmarks/2" lastBookmarkId="0"/>
    <open-files xmlns="http://www.netbeans.org/ns/projectui-open-files/2">
        <group>
            <file>file:/C:/Users/Andrés/Downloads/INTRODUCCIÓN_DOTNET_GRUPO2/APLICATIVO/NET%20CAP%202/EjemploJavaScript_Grupo2/public_html/ec.edu.monster.vista/index.html</file>
            <file>file:/C:/Users/Andrés/Downloads/INTRODUCCIÓN_DOTNET_GRUPO2/APLICATIVO/NET%20CAP%202/EjemploJavaScript_Grupo2/public_html/ec.edu.monster.modelo/Numero.java</file>
            <file>file:/C:/Users/Andrés/Downloads/INTRODUCCIÓN_DOTNET_GRUPO2/APLICATIVO/NET%20CAP%202/EjemploJavaScript_Grupo2/public_html/ec.edu.monster.controlador/NumeroControlador.java</file>
        </group>
    </open-files>
</project-private>
