<?xml version="1.0" encoding="UTF-8"?>
<project-private xmlns="http://www.netbeans.org/ns/project-private/1">
    <editor-bookmarks xmlns="http://www.netbeans.org/ns/editor-bookmarks/2" lastBookmarkId="0"/>
    <open-files xmlns="http://www.netbeans.org/ns/projectui-open-files/2">
        <group>
            <file>file:/C:/Distribuidas/TALLERES/T1.14%20INTERCEPTORS%20TIMERS%20GENERACIÓN%20SESSION%20BEANS_Grupo2/APLICATIVO/Interceptors_Timers_SessionBean_Cliente_Grupo2/src/java/ec/edu/monster/vista/RepetirRemote.java</file>
            <file>file:/C:/Distribuidas/TALLERES/T1.14%20INTERCEPTORS%20TIMERS%20GENERACIÓN%20SESSION%20BEANS_Grupo2/APLICATIVO/Interceptors_Timers_SessionBean_Cliente_Grupo2/src/java/ec/edu/monster/vista/Main.java</file>
        </group>
    </open-files>
</project-private>
